id,type,author,settings,regular,dateCreated,dateSubmitted,dateModified,name,favorite,hidden,color,category,tags,grade,stage,status,is,os,prod,competitions,themes,team,code,raw,fail,sharpe,fitness,them
YWJpzXq,REGULAR,TN31932,"{'instrumentType': 'EQUITY', 'region': 'USA', 'universe': 'TOP3000', 'delay': 1, 'decay': 5, 'neutralization': 'SUBINDUSTRY', 'truncation': 0.08, 'pasteurization': 'ON', 'unitHandling': 'VERIFY', 'nanHandling': 'OFF', 'language': 'FASTEXPR', 'visualization': False}","{'code': 'rank(ts_delta(fnd7_ointfund_qiimbi,20)/fnd7_ointfund_qtl)+rank(ts_max(ts_min_max_cps(mdl77_pricemomentumfactor_chgvolpre4y,252),100))', 'description': None, 'operatorCount': 7}",2023-05-23T21:22:04-04:00,,2023-05-24T01:22:04-04:00,,False,False,,,[],,IS,UNSUBMITTED,"{'pnl': 3886063, 'bookSize': 20000000, 'longCount': 1051, 'shortCount': 1058, 'turnover': 0.0745, 'returns': 0.0395, 'drawdown': 0.0246, 'margin': 0.00106, 'fitness': 1.01, 'sharpe': 1.79, 'checks': [{'name': 'LOW_SHARPE', 'result': 'PASS', 'limit': 1.58, 'value': 1.79}, {'name': 'LOW_FITNESS', 'result': 'PASS', 'limit': 1.0, 'value': 1.01}, {'name': 'LOW_TURNOVER', 'result': 'PASS', 'limit': 0.01, 'value': 0.0745}, {'name': 'HIGH_TURNOVER', 'result': 'PASS', 'limit': 0.7, 'value': 0.0745}, {'name': 'CONCENTRATED_WEIGHT', 'result': 'PASS'}, {'name': 'LOW_SUB_UNIVERSE_SHARPE', 'result': 'PASS', 'limit': 0.78, 'value': 0.91}, {'name': 'SELF_CORRELATION', 'result': 'PENDING'}, {'name': 'PROD_CORRELATION', 'result': 'PENDING'}, {'name': 'REGULAR_SUBMISSION', 'result': 'PENDING'}, {'name': 'MATCHES_THEMES', 'result': 'WARNING', 'matched': [], 'unmatched': [{'id': 'qyQGwDE', 'name': 'Data Field Theme 19', 'multiplier': 5.0}]}, {'name': 'IS_LADDER_SHARPE', 'result': 'PENDING'}]}",,,,,,"rank(ts_delta(fnd7_ointfund_qiimbi,20)/fnd7_ointfund_qtl)+rank(ts_max(ts_min_max_cps(mdl77_pricemomentumfactor_chgvolpre4y,252),100))",2,0,1.79,1.01,WARNING
O5Vp3dg,REGULAR,TN31932,"{'instrumentType': 'EQUITY', 'region': 'USA', 'universe': 'TOP3000', 'delay': 1, 'decay': 4, 'neutralization': 'SUBINDUSTRY', 'truncation': 0.08, 'pasteurization': 'ON', 'unitHandling': 'VERIFY', 'nanHandling': 'OFF', 'language': 'FASTEXPR', 'visualization': False}","{'code': '-rank(ts_regression(ts_scale(vec_percentage(mdl135_d8_oc,percentage=0.5),240),mdl165_dl8ibesnuggetschiwumodel1_21v,120))+group_rank(ts_delay(ts_mean(vec_stddev(opt11_iv60percentile),252)/ts_min(est_q_dps_mean,180),150),subindustry)', 'description': None, 'operatorCount': 12}",2023-05-23T21:31:45-04:00,,2023-05-24T12:50:13-04:00,,True,True,,,[],,IS,UNSUBMITTED,"{'pnl': 1282448, 'bookSize': 20000000, 'longCount': 553, 'shortCount': 557, 'turnover': 0.1666, 'returns': 0.0893, 'drawdown': 0.036, 'margin': 0.001072, 'fitness': 1.65, 'sharpe': 2.26, 'checks': [{'name': 'LOW_SHARPE', 'result': 'PASS', 'limit': 1.58, 'value': 2.26}, {'name': 'LOW_FITNESS', 'result': 'PASS', 'limit': 1.0, 'value': 1.65}, {'name': 'LOW_TURNOVER', 'result': 'PASS', 'limit': 0.01, 'value': 0.1666}, {'name': 'HIGH_TURNOVER', 'result': 'PASS', 'limit': 0.7, 'value': 0.1666}, {'name': 'CONCENTRATED_WEIGHT', 'result': 'PASS'}, {'name': 'LOW_SUB_UNIVERSE_SHARPE', 'result': 'PASS', 'limit': 0.98, 'value': 1.97}, {'name': 'SELF_CORRELATION', 'result': 'PENDING'}, {'name': 'PROD_CORRELATION', 'result': 'PENDING'}, {'name': 'REGULAR_SUBMISSION', 'result': 'PENDING'}, {'name': 'MATCHES_THEMES', 'result': 'WARNING', 'matched': [], 'unmatched': [{'id': 'qyQGwDE', 'name': 'Data Field Theme 19', 'multiplier': 5.0}]}, {'name': 'IS_LADDER_SHARPE', 'result': 'PENDING'}]}",,,,,,"-rank(ts_regression(ts_scale(vec_percentage(mdl135_d8_oc,percentage=0.5),240),mdl165_dl8ibesnuggetschiwumodel1_21v,120))+group_rank(ts_delay(ts_mean(vec_stddev(opt11_iv60percentile),252)/ts_min(est_q_dps_mean,180),150),subindustry)",2,0,2.26,1.65,WARNING
WW0pvqZ,REGULAR,TN31932,"{'instrumentType': 'EQUITY', 'region': 'USA', 'universe': 'TOP3000', 'delay': 1, 'decay': 0, 'neutralization': 'SUBINDUSTRY', 'truncation': 0.08, 'pasteurization': 'ON', 'unitHandling': 'VERIFY', 'nanHandling': 'OFF', 'language': 'FASTEXPR', 'visualization': False}","{'code': 'group_rank(ts_zscore(ts_min_max_diff(fnd65_totalcap_cusip_vefcfmtt,180),240),industry)+group_rank(regression_proj(ts_sum(vec_powersum(nws17_d1_qep,constant=2),100),ts_min(vec_max(nws3_scores_uncertaintypartnormscr),60)),sector)', 'description': None, 'operatorCount': 10}",2023-05-23T21:31:55-04:00,,2023-05-24T01:31:55-04:00,,False,False,,,[],,IS,UNSUBMITTED,"{'pnl': 3948355, 'bookSize': 20000000, 'longCount': 1173, 'shortCount': 1176, 'turnover': 0.13, 'returns': 0.0434, 'drawdown': 0.022, 'margin': 0.000668, 'fitness': 1.06, 'sharpe': 1.83, 'checks': [{'name': 'LOW_SHARPE', 'result': 'PASS', 'limit': 1.58, 'value': 1.83}, {'name': 'LOW_FITNESS', 'result': 'PASS', 'limit': 1.0, 'value': 1.06}, {'name': 'LOW_TURNOVER', 'result': 'PASS', 'limit': 0.01, 'value': 0.13}, {'name': 'HIGH_TURNOVER', 'result': 'PASS', 'limit': 0.7, 'value': 0.13}, {'name': 'CONCENTRATED_WEIGHT', 'result': 'PASS'}, {'name': 'LOW_SUB_UNIVERSE_SHARPE', 'result': 'PASS', 'limit': 0.79, 'value': 1.45}, {'name': 'SELF_CORRELATION', 'result': 'PENDING'}, {'name': 'PROD_CORRELATION', 'result': 'PENDING'}, {'name': 'REGULAR_SUBMISSION', 'result': 'PENDING'}, {'name': 'MATCHES_THEMES', 'result': 'WARNING', 'matched': [], 'unmatched': [{'id': 'qyQGwDE', 'name': 'Data Field Theme 19', 'multiplier': 5.0}]}, {'name': 'IS_LADDER_SHARPE', 'result': 'PENDING'}]}",,,,,,"group_rank(ts_zscore(ts_min_max_diff(fnd65_totalcap_cusip_vefcfmtt,180),240),industry)+group_rank(regression_proj(ts_sum(vec_powersum(nws17_d1_qep,constant=2),100),ts_min(vec_max(nws3_scores_uncertaintypartnormscr),60)),sector)",2,0,1.83,1.06,WARNING
5qeOnE5,REGULAR,TN31932,"{'instrumentType': 'EQUITY', 'region': 'USA', 'universe': 'TOP3000', 'delay': 1, 'decay': 10, 'neutralization': 'SUBINDUSTRY', 'truncation': 0.08, 'pasteurization': 'ON', 'unitHandling': 'VERIFY', 'nanHandling': 'OFF', 'language': 'FASTEXPR', 'visualization': False}","{'code': 'group_rank(ts_rank(arc_tan(mdl211_netq_deltaprofitability_profitability2),40),sector)+group_rank(ts_delta(ts_min_max_diff(mdl165_dl8starminenuggetschiehuangmodel1_24v,180),150),subindustry)', 'description': None, 'operatorCount': 7}",2023-05-23T21:35:50-04:00,,2023-05-24T01:35:50-04:00,,False,False,,,[],,IS,UNSUBMITTED,"{'pnl': 3969915, 'bookSize': 20000000, 'longCount': 1478, 'shortCount': 1489, 'turnover': 0.1187, 'returns': 0.0404, 'drawdown': 0.0297, 'margin': 0.00068, 'fitness': 1.04, 'sharpe': 1.83, 'checks': [{'name': 'LOW_SHARPE', 'result': 'PASS', 'limit': 1.58, 'value': 1.83}, {'name': 'LOW_FITNESS', 'result': 'PASS', 'limit': 1.0, 'value': 1.04}, {'name': 'LOW_TURNOVER', 'result': 'PASS', 'limit': 0.01, 'value': 0.1187}, {'name': 'HIGH_TURNOVER', 'result': 'PASS', 'limit': 0.7, 'value': 0.1187}, {'name': 'CONCENTRATED_WEIGHT', 'result': 'PASS'}, {'name': 'LOW_SUB_UNIVERSE_SHARPE', 'result': 'PASS', 'limit': 0.79, 'value': 1.15}, {'name': 'SELF_CORRELATION', 'result': 'PENDING'}, {'name': 'PROD_CORRELATION', 'result': 'PENDING'}, {'name': 'REGULAR_SUBMISSION', 'result': 'PENDING'}, {'name': 'MATCHES_THEMES', 'result': 'WARNING', 'matched': [], 'unmatched': [{'id': 'qyQGwDE', 'name': 'Data Field Theme 19', 'multiplier': 5.0}]}, {'name': 'IS_LADDER_SHARPE', 'result': 'PENDING'}]}",,,,,,"group_rank(ts_rank(arc_tan(mdl211_netq_deltaprofitability_profitability2),40),sector)+group_rank(ts_delta(ts_min_max_diff(mdl165_dl8starminenuggetschiehuangmodel1_24v,180),150),subindustry)",2,0,1.83,1.04,WARNING
ZWMn5vx,REGULAR,TN31932,"{'instrumentType': 'EQUITY', 'region': 'USA', 'universe': 'TOP3000', 'delay': 1, 'decay': 4, 'neutralization': 'SUBINDUSTRY', 'truncation': 0.08, 'pasteurization': 'ON', 'unitHandling': 'VERIFY', 'nanHandling': 'OFF', 'language': 'FASTEXPR', 'visualization': False}","{'code': '-rank(vector_proj(ts_arg_min(mdl26_nm_mn_nlysts_prr_fq3_rnngs_7,5),days_from_last_change(vec_stddev(mdl117_md_score_litigious))))-group_rank(ts_av_diff(opt4_30_put_strike_delta65,10)/ts_stddev(anl4_netdebt_low,100),industry)', 'description': None, 'operatorCount': 11}",2023-05-23T21:38:06-04:00,,2023-05-24T01:38:06-04:00,,False,False,,,[],,IS,UNSUBMITTED,"{'pnl': 10132634, 'bookSize': 20000000, 'longCount': 329, 'shortCount': 324, 'turnover': 0.3528, 'returns': 0.103, 'drawdown': 0.0703, 'margin': 0.000584, 'fitness': 1.15, 'sharpe': 2.12, 'checks': [{'name': 'LOW_SHARPE', 'result': 'PASS', 'limit': 1.58, 'value': 2.12}, {'name': 'LOW_FITNESS', 'result': 'PASS', 'limit': 1.0, 'value': 1.15}, {'name': 'LOW_TURNOVER', 'result': 'PASS', 'limit': 0.01, 'value': 0.3528}, {'name': 'HIGH_TURNOVER', 'result': 'PASS', 'limit': 0.7, 'value': 0.3528}, {'name': 'CONCENTRATED_WEIGHT', 'result': 'PASS'}, {'name': 'LOW_SUB_UNIVERSE_SHARPE', 'result': 'PASS', 'limit': 0.92, 'value': 1.39}, {'name': 'SELF_CORRELATION', 'result': 'PENDING'}, {'name': 'PROD_CORRELATION', 'result': 'PENDING'}, {'name': 'REGULAR_SUBMISSION', 'result': 'PENDING'}, {'name': 'MATCHES_THEMES', 'result': 'WARNING', 'matched': [], 'unmatched': [{'id': 'qyQGwDE', 'name': 'Data Field Theme 19', 'multiplier': 5.0}]}, {'name': 'IS_LADDER_SHARPE', 'result': 'PENDING'}]}",,,,,,"-rank(vector_proj(ts_arg_min(mdl26_nm_mn_nlysts_prr_fq3_rnngs_7,5),days_from_last_change(vec_stddev(mdl117_md_score_litigious))))-group_rank(ts_av_diff(opt4_30_put_strike_delta65,10)/ts_stddev(anl4_netdebt_low,100),industry)",2,0,2.12,1.15,WARNING
RkK80jd,REGULAR,TN31932,"{'instrumentType': 'EQUITY', 'region': 'USA', 'universe': 'TOP3000', 'delay': 1, 'decay': 0, 'neutralization': 'SUBINDUSTRY', 'truncation': 0.08, 'pasteurization': 'ON', 'unitHandling': 'VERIFY', 'nanHandling': 'OFF', 'language': 'FASTEXPR', 'visualization': False}","{'code': '-rank(vector_neut(quantile(mdl165_dl8ibesnuggetschiwumodel1_84v),ts_skewness(mdl165_forddl8nuggetv1_31v,150)))-rank(ts_ir(sigmoid(est_q_ebt_lowered_1wk)/tanh(mdl26_rm02fy_stm_fy1_rnngs),150))', 'description': None, 'operatorCount': 11}",2023-05-23T21:43:44-04:00,,2023-05-24T01:43:44-04:00,,False,False,,,[],,IS,UNSUBMITTED,"{'pnl': 4302156, 'bookSize': 20000000, 'longCount': 1208, 'shortCount': 1217, 'turnover': 0.2137, 'returns': 0.0784, 'drawdown': 0.0525, 'margin': 0.000734, 'fitness': 1.11, 'sharpe': 1.84, 'checks': [{'name': 'LOW_SHARPE', 'result': 'PASS', 'limit': 1.58, 'value': 1.84}, {'name': 'LOW_FITNESS', 'result': 'PASS', 'limit': 1.0, 'value': 1.11}, {'name': 'LOW_TURNOVER', 'result': 'PASS', 'limit': 0.01, 'value': 0.2137}, {'name': 'HIGH_TURNOVER', 'result': 'PASS', 'limit': 0.7, 'value': 0.2137}, {'name': 'CONCENTRATED_WEIGHT', 'result': 'PASS'}, {'name': 'LOW_SUB_UNIVERSE_SHARPE', 'result': 'PASS', 'limit': 0.8, 'value': 1.42}, {'name': 'SELF_CORRELATION', 'result': 'PENDING'}, {'name': 'PROD_CORRELATION', 'result': 'PENDING'}, {'name': 'REGULAR_SUBMISSION', 'result': 'PENDING'}, {'name': 'MATCHES_THEMES', 'result': 'WARNING', 'matched': [], 'unmatched': [{'id': 'qyQGwDE', 'name': 'Data Field Theme 19', 'multiplier': 5.0}]}, {'name': 'IS_LADDER_SHARPE', 'result': 'PENDING'}]}",,,,,,"-rank(vector_neut(quantile(mdl165_dl8ibesnuggetschiwumodel1_84v),ts_skewness(mdl165_forddl8nuggetv1_31v,150)))-rank(ts_ir(sigmoid(est_q_ebt_lowered_1wk)/tanh(mdl26_rm02fy_stm_fy1_rnngs),150))",2,0,1.84,1.11,WARNING
J51ORnW,REGULAR,TN31932,"{'instrumentType': 'EQUITY', 'region': 'USA', 'universe': 'TOP3000', 'delay': 1, 'decay': 0, 'neutralization': 'SUBINDUSTRY', 'truncation': 0.08, 'pasteurization': 'ON', 'unitHandling': 'VERIFY', 'nanHandling': 'OFF', 'language': 'FASTEXPR', 'visualization': False}","{'code': '-group_rank(ts_min_diff(anl14_high_eps_fp2,100),subindustry)+rank(ts_zscore(mdl77_opricemomentumfactor_pctabv260low,20))', 'description': None, 'operatorCount': 6}",2023-05-23T21:44:06-04:00,,2023-05-24T01:44:06-04:00,,False,False,,,[],,IS,UNSUBMITTED,"{'pnl': 7119613, 'bookSize': 20000000, 'longCount': 1279, 'shortCount': 1252, 'turnover': 0.3121, 'returns': 0.0724, 'drawdown': 0.0429, 'margin': 0.000464, 'fitness': 1.02, 'sharpe': 2.12, 'checks': [{'name': 'LOW_SHARPE', 'result': 'PASS', 'limit': 1.58, 'value': 2.12}, {'name': 'LOW_FITNESS', 'result': 'PASS', 'limit': 1.0, 'value': 1.02}, {'name': 'LOW_TURNOVER', 'result': 'PASS', 'limit': 0.01, 'value': 0.3121}, {'name': 'HIGH_TURNOVER', 'result': 'PASS', 'limit': 0.7, 'value': 0.3121}, {'name': 'CONCENTRATED_WEIGHT', 'result': 'PASS'}, {'name': 'LOW_SUB_UNIVERSE_SHARPE', 'result': 'PASS', 'limit': 0.92, 'value': 1.66}, {'name': 'SELF_CORRELATION', 'result': 'PENDING'}, {'name': 'PROD_CORRELATION', 'result': 'PENDING'}, {'name': 'REGULAR_SUBMISSION', 'result': 'PENDING'}, {'name': 'MATCHES_THEMES', 'result': 'WARNING', 'matched': [], 'unmatched': [{'id': 'qyQGwDE', 'name': 'Data Field Theme 19', 'multiplier': 5.0}]}, {'name': 'IS_LADDER_SHARPE', 'result': 'PENDING'}]}",,,,,,"-group_rank(ts_min_diff(anl14_high_eps_fp2,100),subindustry)+rank(ts_zscore(mdl77_opricemomentumfactor_pctabv260low,20))",2,0,2.12,1.02,WARNING
G3xLEOP,REGULAR,TN31932,"{'instrumentType': 'EQUITY', 'region': 'USA', 'universe': 'TOP3000', 'delay': 1, 'decay': 0, 'neutralization': 'SUBINDUSTRY', 'truncation': 0.08, 'pasteurization': 'ON', 'unitHandling': 'VERIFY', 'nanHandling': 'OFF', 'language': 'FASTEXPR', 'visualization': False}","{'code': '-group_rank(ts_delay(sigmoid(opt4_122_call_pre_delta25)/ts_mean(vec_choose(fnd14_td_lf_sgr_ncr,nth=0),126),180),subindustry)-group_rank(fnd65_totalcap_cusip_indrelrtn5d_,sector)', 'description': None, 'operatorCount': 9}",2023-05-23T21:44:18-04:00,,2023-05-24T01:44:18-04:00,,False,False,,,[],,IS,UNSUBMITTED,"{'pnl': 2923876, 'bookSize': 20000000, 'longCount': 1169, 'shortCount': 1212, 'turnover': 0.4309, 'returns': 0.1549, 'drawdown': 0.1046, 'margin': 0.000719, 'fitness': 1.24, 'sharpe': 2.07, 'checks': [{'name': 'LOW_SHARPE', 'result': 'PASS', 'limit': 1.58, 'value': 2.07}, {'name': 'LOW_FITNESS', 'result': 'PASS', 'limit': 1.0, 'value': 1.24}, {'name': 'LOW_TURNOVER', 'result': 'PASS', 'limit': 0.01, 'value': 0.4309}, {'name': 'HIGH_TURNOVER', 'result': 'PASS', 'limit': 0.7, 'value': 0.4309}, {'name': 'CONCENTRATED_WEIGHT', 'result': 'PASS'}, {'name': 'LOW_SUB_UNIVERSE_SHARPE', 'result': 'PASS', 'limit': 0.9, 'value': 1.72}, {'name': 'UNITS', 'result': 'WARNING', 'message': 'Incompatible unit for input at index 0, expected ""Unit[]"", found ""Unit[CSPrice:1]""'}, {'name': 'SELF_CORRELATION', 'result': 'PENDING'}, {'name': 'PROD_CORRELATION', 'result': 'PENDING'}, {'name': 'REGULAR_SUBMISSION', 'result': 'PENDING'}, {'name': 'MATCHES_THEMES', 'result': 'WARNING', 'matched': [], 'unmatched': [{'id': 'qyQGwDE', 'name': 'Data Field Theme 19', 'multiplier': 5.0}]}, {'name': 'IS_LADDER_SHARPE', 'result': 'PENDING'}]}",,,,,,"-group_rank(ts_delay(sigmoid(opt4_122_call_pre_delta25)/ts_mean(vec_choose(fnd14_td_lf_sgr_ncr,nth=0),126),180),subindustry)-group_rank(fnd65_totalcap_cusip_indrelrtn5d_,sector)",2,0,2.07,1.24,WARNING
o9rlwYE,REGULAR,TN31932,"{'instrumentType': 'EQUITY', 'region': 'USA', 'universe': 'TOP3000', 'delay': 1, 'decay': 0, 'neutralization': 'SUBINDUSTRY', 'truncation': 0.08, 'pasteurization': 'ON', 'unitHandling': 'VERIFY', 'nanHandling': 'OFF', 'language': 'FASTEXPR', 'visualization': False}","{'code': '-rank(ts_median(arc_tan(vec_norm(nws31_amertimestamp_time))/ts_mean(vec_norm(nws12_allz_result2),252),40))+rank(ts_arg_max(vec_min(mdl135_d01_oa),40))', 'description': None, 'operatorCount': 12}",2023-05-23T21:45:16-04:00,,2023-05-24T01:45:16-04:00,,False,False,,,[],,IS,UNSUBMITTED,"{'pnl': 2547585, 'bookSize': 20000000, 'longCount': 1260, 'shortCount': 1275, 'turnover': 0.1704, 'returns': 0.0835, 'drawdown': 0.0628, 'margin': 0.00098, 'fitness': 1.14, 'sharpe': 1.63, 'checks': [{'name': 'LOW_SHARPE', 'result': 'PASS', 'limit': 1.58, 'value': 1.63}, {'name': 'LOW_FITNESS', 'result': 'PASS', 'limit': 1.0, 'value': 1.14}, {'name': 'LOW_TURNOVER', 'result': 'PASS', 'limit': 0.01, 'value': 0.1704}, {'name': 'HIGH_TURNOVER', 'result': 'PASS', 'limit': 0.7, 'value': 0.1704}, {'name': 'CONCENTRATED_WEIGHT', 'result': 'PASS'}, {'name': 'LOW_SUB_UNIVERSE_SHARPE', 'result': 'PASS', 'limit': 0.71, 'value': 1.74}, {'name': 'SELF_CORRELATION', 'result': 'PENDING'}, {'name': 'PROD_CORRELATION', 'result': 'PENDING'}, {'name': 'REGULAR_SUBMISSION', 'result': 'PENDING'}, {'name': 'MATCHES_THEMES', 'result': 'WARNING', 'matched': [], 'unmatched': [{'id': 'qyQGwDE', 'name': 'Data Field Theme 19', 'multiplier': 5.0}]}, {'name': 'IS_LADDER_SHARPE', 'result': 'PENDING'}]}",,,,,,"-rank(ts_median(arc_tan(vec_norm(nws31_amertimestamp_time))/ts_mean(vec_norm(nws12_allz_result2),252),40))+rank(ts_arg_max(vec_min(mdl135_d01_oa),40))",2,0,1.63,1.14,WARNING
AOmPYbR,REGULAR,TN31932,"{'instrumentType': 'EQUITY', 'region': 'USA', 'universe': 'TOP3000', 'delay': 1, 'decay': 0, 'neutralization': 'SUBINDUSTRY', 'truncation': 0.08, 'pasteurization': 'ON', 'unitHandling': 'VERIFY', 'nanHandling': 'OFF', 'language': 'FASTEXPR', 'visualization': False}","{'code': '-rank(ts_zscore(log(opt4_call_strikeprice_152d),30))+rank(ts_mean(scale(inst7_mmcrowding),10))', 'description': None, 'operatorCount': 8}",2023-05-23T21:46:17-04:00,,2023-05-24T01:46:17-04:00,,False,False,,,[],,IS,UNSUBMITTED,"{'pnl': 9524834, 'bookSize': 20000000, 'longCount': 1033, 'shortCount': 1024, 'turnover': 0.2782, 'returns': 0.0968, 'drawdown': 0.0672, 'margin': 0.000696, 'fitness': 1.17, 'sharpe': 1.99, 'checks': [{'name': 'LOW_SHARPE', 'result': 'PASS', 'limit': 1.58, 'value': 1.99}, {'name': 'LOW_FITNESS', 'result': 'PASS', 'limit': 1.0, 'value': 1.17}, {'name': 'LOW_TURNOVER', 'result': 'PASS', 'limit': 0.01, 'value': 0.2782}, {'name': 'HIGH_TURNOVER', 'result': 'PASS', 'limit': 0.7, 'value': 0.2782}, {'name': 'CONCENTRATED_WEIGHT', 'result': 'PASS'}, {'name': 'LOW_SUB_UNIVERSE_SHARPE', 'result': 'PASS', 'limit': 0.86, 'value': 0.99}, {'name': 'UNITS', 'result': 'WARNING', 'message': 'Incompatible unit for input at index 0, expected ""Unit[]"", found ""Unit[CSPrice:1]""'}, {'name': 'SELF_CORRELATION', 'result': 'PENDING'}, {'name': 'PROD_CORRELATION', 'result': 'PENDING'}, {'name': 'REGULAR_SUBMISSION', 'result': 'PENDING'}, {'name': 'MATCHES_THEMES', 'result': 'WARNING', 'matched': [], 'unmatched': [{'id': 'qyQGwDE', 'name': 'Data Field Theme 19', 'multiplier': 5.0}]}, {'name': 'IS_LADDER_SHARPE', 'result': 'PENDING'}]}",,,,,,"-rank(ts_zscore(log(opt4_call_strikeprice_152d),30))+rank(ts_mean(scale(inst7_mmcrowding),10))",2,0,1.99,1.17,WARNING
godMKRO,REGULAR,TN31932,"{'instrumentType': 'EQUITY', 'region': 'USA', 'universe': 'TOP3000', 'delay': 1, 'decay': 0, 'neutralization': 'SUBINDUSTRY', 'truncation': 0.08, 'pasteurization': 'ON', 'unitHandling': 'VERIFY', 'nanHandling': 'OFF', 'language': 'FASTEXPR', 'visualization': False}","{'code': 'rank(ts_median(ts_returns(fnd65_totalcap_cusip_volpre6m,30),90))+group_rank(ts_av_diff(vec_max(mdl109_ve_fcf),40),industry)', 'description': None, 'operatorCount': 7}",2023-05-23T21:47:27-04:00,,2023-05-24T01:47:27-04:00,,False,False,,,[],,IS,UNSUBMITTED,"{'pnl': 3757061, 'bookSize': 20000000, 'longCount': 1193, 'shortCount': 1199, 'turnover': 0.156, 'returns': 0.0473, 'drawdown': 0.0399, 'margin': 0.000606, 'fitness': 1.06, 'sharpe': 1.93, 'checks': [{'name': 'LOW_SHARPE', 'result': 'PASS', 'limit': 1.58, 'value': 1.93}, {'name': 'LOW_FITNESS', 'result': 'PASS', 'limit': 1.0, 'value': 1.06}, {'name': 'LOW_TURNOVER', 'result': 'PASS', 'limit': 0.01, 'value': 0.156}, {'name': 'HIGH_TURNOVER', 'result': 'PASS', 'limit': 0.7, 'value': 0.156}, {'name': 'CONCENTRATED_WEIGHT', 'result': 'PASS'}, {'name': 'LOW_SUB_UNIVERSE_SHARPE', 'result': 'PASS', 'limit': 0.84, 'value': 0.94}, {'name': 'SELF_CORRELATION', 'result': 'PENDING'}, {'name': 'PROD_CORRELATION', 'result': 'PENDING'}, {'name': 'REGULAR_SUBMISSION', 'result': 'PENDING'}, {'name': 'MATCHES_THEMES', 'result': 'WARNING', 'matched': [], 'unmatched': [{'id': 'qyQGwDE', 'name': 'Data Field Theme 19', 'multiplier': 5.0}]}, {'name': 'IS_LADDER_SHARPE', 'result': 'PENDING'}]}",,,,,,"rank(ts_median(ts_returns(fnd65_totalcap_cusip_volpre6m,30),90))+group_rank(ts_av_diff(vec_max(mdl109_ve_fcf),40),industry)",2,0,1.93,1.06,WARNING
XYenL8X,REGULAR,TN31932,"{'instrumentType': 'EQUITY', 'region': 'USA', 'universe': 'TOP3000', 'delay': 1, 'decay': 0, 'neutralization': 'SUBINDUSTRY', 'truncation': 0.08, 'pasteurization': 'ON', 'unitHandling': 'VERIFY', 'nanHandling': 'OFF', 'language': 'FASTEXPR', 'visualization': False}","{'code': 'rank(ts_delta(zscore(mdl162_22_q_fltf),240))-rank(ts_ir(ts_rank(vec_range(anl16_sranarecstockt24),100),180))', 'description': None, 'operatorCount': 8}",2023-05-23T21:47:37-04:00,,2023-05-24T01:47:37-04:00,,False,False,,,[],,IS,UNSUBMITTED,"{'pnl': 1186673, 'bookSize': 20000000, 'longCount': 1073, 'shortCount': 1043, 'turnover': 0.0793, 'returns': 0.0517, 'drawdown': 0.0377, 'margin': 0.001304, 'fitness': 1.2, 'sharpe': 1.86, 'checks': [{'name': 'LOW_SHARPE', 'result': 'PASS', 'limit': 1.58, 'value': 1.86}, {'name': 'LOW_FITNESS', 'result': 'PASS', 'limit': 1.0, 'value': 1.2}, {'name': 'LOW_TURNOVER', 'result': 'PASS', 'limit': 0.01, 'value': 0.0793}, {'name': 'HIGH_TURNOVER', 'result': 'PASS', 'limit': 0.7, 'value': 0.0793}, {'name': 'CONCENTRATED_WEIGHT', 'result': 'PASS'}, {'name': 'LOW_SUB_UNIVERSE_SHARPE', 'result': 'PASS', 'limit': 0.81, 'value': 2.2}, {'name': 'SELF_CORRELATION', 'result': 'PENDING'}, {'name': 'PROD_CORRELATION', 'result': 'PENDING'}, {'name': 'REGULAR_SUBMISSION', 'result': 'PENDING'}, {'name': 'MATCHES_THEMES', 'result': 'WARNING', 'matched': [], 'unmatched': [{'id': 'qyQGwDE', 'name': 'Data Field Theme 19', 'multiplier': 5.0}]}, {'name': 'IS_LADDER_SHARPE', 'result': 'PENDING'}]}",,,,,,"rank(ts_delta(zscore(mdl162_22_q_fltf),240))-rank(ts_ir(ts_rank(vec_range(anl16_sranarecstockt24),100),180))",2,0,1.86,1.2,WARNING
bWnqWaK,REGULAR,TN31932,"{'instrumentType': 'EQUITY', 'region': 'USA', 'universe': 'TOP3000', 'delay': 1, 'decay': 4, 'neutralization': 'SUBINDUSTRY', 'truncation': 0.08, 'pasteurization': 'ON', 'unitHandling': 'VERIFY', 'nanHandling': 'OFF', 'language': 'FASTEXPR', 'visualization': False}","{'code': 'rank(ts_sum(ts_rank(fnd65_totalcap_cusip_monchgsip,30),252))+rank(ts_rank(arc_tan(mdl165_dl8ibesnuggetskachengmodel1_7v),200))', 'description': None, 'operatorCount': 7}",2023-05-23T21:50:07-04:00,,2023-05-24T01:50:07-04:00,,False,False,,,[],,IS,UNSUBMITTED,"{'pnl': 4873088, 'bookSize': 20000000, 'longCount': 1302, 'shortCount': 1284, 'turnover': 0.1088, 'returns': 0.0495, 'drawdown': 0.0427, 'margin': 0.000911, 'fitness': 1.11, 'sharpe': 1.77, 'checks': [{'name': 'LOW_SHARPE', 'result': 'PASS', 'limit': 1.58, 'value': 1.77}, {'name': 'LOW_FITNESS', 'result': 'PASS', 'limit': 1.0, 'value': 1.11}, {'name': 'LOW_TURNOVER', 'result': 'PASS', 'limit': 0.01, 'value': 0.1088}, {'name': 'HIGH_TURNOVER', 'result': 'PASS', 'limit': 0.7, 'value': 0.1088}, {'name': 'CONCENTRATED_WEIGHT', 'result': 'PASS'}, {'name': 'LOW_SUB_UNIVERSE_SHARPE', 'result': 'PASS', 'limit': 0.77, 'value': 0.79}, {'name': 'SELF_CORRELATION', 'result': 'PENDING'}, {'name': 'PROD_CORRELATION', 'result': 'PENDING'}, {'name': 'REGULAR_SUBMISSION', 'result': 'PENDING'}, {'name': 'MATCHES_THEMES', 'result': 'WARNING', 'matched': [], 'unmatched': [{'id': 'qyQGwDE', 'name': 'Data Field Theme 19', 'multiplier': 5.0}]}, {'name': 'IS_LADDER_SHARPE', 'result': 'PENDING'}]}",,,,,,"rank(ts_sum(ts_rank(fnd65_totalcap_cusip_monchgsip,30),252))+rank(ts_rank(arc_tan(mdl165_dl8ibesnuggetskachengmodel1_7v),200))",2,0,1.77,1.11,WARNING
wJPlnN6,REGULAR,TN31932,"{'instrumentType': 'EQUITY', 'region': 'USA', 'universe': 'TOP3000', 'delay': 1, 'decay': 0, 'neutralization': 'SUBINDUSTRY', 'truncation': 0.08, 'pasteurization': 'ON', 'unitHandling': 'VERIFY', 'nanHandling': 'OFF', 'language': 'FASTEXPR', 'visualization': False}","{'code': '-rank(ts_rank(fnd65_totalcap_cusip_nlmc,63))-rank(ts_max(ts_stddev(vec_choose(oth429_research_reports_fundamental_keywords_3_method_3_filtered_pos,nth=0),20)/scale_down(vec_kurtosis(opt11_iv60rating)),250))', 'description': None, 'operatorCount': 11}",2023-05-23T21:51:21-04:00,,2023-05-24T12:50:45-04:00,,True,True,,,[],,IS,UNSUBMITTED,"{'pnl': 3275734, 'bookSize': 20000000, 'longCount': 756, 'shortCount': 763, 'turnover': 0.27, 'returns': 0.1612, 'drawdown': 0.0688, 'margin': 0.001194, 'fitness': 1.59, 'sharpe': 2.06, 'checks': [{'name': 'LOW_SHARPE', 'result': 'PASS', 'limit': 1.58, 'value': 2.06}, {'name': 'LOW_FITNESS', 'result': 'PASS', 'limit': 1.0, 'value': 1.59}, {'name': 'LOW_TURNOVER', 'result': 'PASS', 'limit': 0.01, 'value': 0.27}, {'name': 'HIGH_TURNOVER', 'result': 'PASS', 'limit': 0.7, 'value': 0.27}, {'name': 'CONCENTRATED_WEIGHT', 'result': 'PASS'}, {'name': 'LOW_SUB_UNIVERSE_SHARPE', 'result': 'PASS', 'limit': 0.89, 'value': 2.34}, {'name': 'SELF_CORRELATION', 'result': 'PENDING'}, {'name': 'PROD_CORRELATION', 'result': 'PENDING'}, {'name': 'REGULAR_SUBMISSION', 'result': 'PENDING'}, {'name': 'MATCHES_THEMES', 'result': 'WARNING', 'matched': [], 'unmatched': [{'id': 'qyQGwDE', 'name': 'Data Field Theme 19', 'multiplier': 5.0}]}, {'name': 'IS_LADDER_SHARPE', 'result': 'PENDING'}]}",,,,,,"-rank(ts_rank(fnd65_totalcap_cusip_nlmc,63))-rank(ts_max(ts_stddev(vec_choose(oth429_research_reports_fundamental_keywords_3_method_3_filtered_pos,nth=0),20)/scale_down(vec_kurtosis(opt11_iv60rating)),250))",2,0,2.06,1.59,WARNING
godMRLm,REGULAR,TN31932,"{'instrumentType': 'EQUITY', 'region': 'USA', 'universe': 'TOP3000', 'delay': 1, 'decay': 10, 'neutralization': 'SUBINDUSTRY', 'truncation': 0.08, 'pasteurization': 'ON', 'unitHandling': 'VERIFY', 'nanHandling': 'OFF', 'language': 'FASTEXPR', 'visualization': False}","{'code': '-rank(ts_arg_min(sign(vec_min(fnd14_hwt_bls_ttl_ass_dt_qtr))/ts_ir(anl15_bpsgics_s_fy1_cos_up,200),126))+rank(mdl165_dl8ibesnuggetschiwumodel2_43v/est_q_eps_num_4wks_ago)', 'description': None, 'operatorCount': 10}",2023-05-23T21:51:29-04:00,,2023-05-24T01:51:29-04:00,,False,False,,,[],,IS,UNSUBMITTED,"{'pnl': 1444111, 'bookSize': 20000000, 'longCount': 1411, 'shortCount': 1362, 'turnover': 0.0718, 'returns': 0.0554, 'drawdown': 0.0407, 'margin': 0.001542, 'fitness': 1.17, 'sharpe': 1.75, 'checks': [{'name': 'LOW_SHARPE', 'result': 'PASS', 'limit': 1.58, 'value': 1.75}, {'name': 'LOW_FITNESS', 'result': 'PASS', 'limit': 1.0, 'value': 1.17}, {'name': 'LOW_TURNOVER', 'result': 'PASS', 'limit': 0.01, 'value': 0.0718}, {'name': 'HIGH_TURNOVER', 'result': 'PASS', 'limit': 0.7, 'value': 0.0718}, {'name': 'CONCENTRATED_WEIGHT', 'result': 'PASS'}, {'name': 'LOW_SUB_UNIVERSE_SHARPE', 'result': 'PASS', 'limit': 0.76, 'value': 0.79}, {'name': 'SELF_CORRELATION', 'result': 'PENDING'}, {'name': 'PROD_CORRELATION', 'result': 'PENDING'}, {'name': 'REGULAR_SUBMISSION', 'result': 'PENDING'}, {'name': 'MATCHES_THEMES', 'result': 'WARNING', 'matched': [], 'unmatched': [{'id': 'qyQGwDE', 'name': 'Data Field Theme 19', 'multiplier': 5.0}]}, {'name': 'IS_LADDER_SHARPE', 'result': 'PENDING'}]}",,,,,,"-rank(ts_arg_min(sign(vec_min(fnd14_hwt_bls_ttl_ass_dt_qtr))/ts_ir(anl15_bpsgics_s_fy1_cos_up,200),126))+rank(mdl165_dl8ibesnuggetschiwumodel2_43v/est_q_eps_num_4wks_ago)",2,0,1.75,1.17,WARNING
zJ0m59X,REGULAR,TN31932,"{'instrumentType': 'EQUITY', 'region': 'USA', 'universe': 'TOP3000', 'delay': 1, 'decay': 5, 'neutralization': 'SUBINDUSTRY', 'truncation': 0.08, 'pasteurization': 'ON', 'unitHandling': 'VERIFY', 'nanHandling': 'OFF', 'language': 'FASTEXPR', 'visualization': False}","{'code': '-group_rank(ts_arg_max(ts_ir(est_q_eps_low,252),240),subindustry)-rank(mdl165_forddl8nuggetv2_84v)', 'description': None, 'operatorCount': 6}",2023-05-23T21:52:15-04:00,,2023-05-24T01:52:15-04:00,,False,False,,,[],,IS,UNSUBMITTED,"{'pnl': 5411319, 'bookSize': 20000000, 'longCount': 1370, 'shortCount': 1384, 'turnover': 0.1837, 'returns': 0.055, 'drawdown': 0.0284, 'margin': 0.000599, 'fitness': 1.09, 'sharpe': 1.99, 'checks': [{'name': 'LOW_SHARPE', 'result': 'PASS', 'limit': 1.58, 'value': 1.99}, {'name': 'LOW_FITNESS', 'result': 'PASS', 'limit': 1.0, 'value': 1.09}, {'name': 'LOW_TURNOVER', 'result': 'PASS', 'limit': 0.01, 'value': 0.1837}, {'name': 'HIGH_TURNOVER', 'result': 'PASS', 'limit': 0.7, 'value': 0.1837}, {'name': 'CONCENTRATED_WEIGHT', 'result': 'PASS'}, {'name': 'LOW_SUB_UNIVERSE_SHARPE', 'result': 'PASS', 'limit': 0.86, 'value': 1.25}, {'name': 'SELF_CORRELATION', 'result': 'PENDING'}, {'name': 'PROD_CORRELATION', 'result': 'PENDING'}, {'name': 'REGULAR_SUBMISSION', 'result': 'PENDING'}, {'name': 'MATCHES_THEMES', 'result': 'WARNING', 'matched': [], 'unmatched': [{'id': 'qyQGwDE', 'name': 'Data Field Theme 19', 'multiplier': 5.0}]}, {'name': 'IS_LADDER_SHARPE', 'result': 'PENDING'}]}",,,,,,"-group_rank(ts_arg_max(ts_ir(est_q_eps_low,252),240),subindustry)-rank(mdl165_forddl8nuggetv2_84v)",2,0,1.99,1.09,WARNING
M5ZQxM8,REGULAR,TN31932,"{'instrumentType': 'EQUITY', 'region': 'USA', 'universe': 'TOP3000', 'delay': 1, 'decay': 5, 'neutralization': 'SUBINDUSTRY', 'truncation': 0.08, 'pasteurization': 'ON', 'unitHandling': 'VERIFY', 'nanHandling': 'OFF', 'language': 'FASTEXPR', 'visualization': False}","{'code': 'rank(ts_arg_max(mdl165_dl8ibesnuggetschiwumodel1_81v,150))-rank(ts_av_diff(mdl165_dl8starminenuggetschiehuangmodel1_54v,120))', 'description': None, 'operatorCount': 5}",2023-05-23T21:53:59-04:00,,2023-05-24T01:53:59-04:00,,False,False,,,[],,IS,UNSUBMITTED,"{'pnl': 4157615, 'bookSize': 20000000, 'longCount': 1523, 'shortCount': 1514, 'turnover': 0.1228, 'returns': 0.0423, 'drawdown': 0.0299, 'margin': 0.000689, 'fitness': 1.12, 'sharpe': 1.92, 'checks': [{'name': 'LOW_SHARPE', 'result': 'PASS', 'limit': 1.58, 'value': 1.92}, {'name': 'LOW_FITNESS', 'result': 'PASS', 'limit': 1.0, 'value': 1.12}, {'name': 'LOW_TURNOVER', 'result': 'PASS', 'limit': 0.01, 'value': 0.1228}, {'name': 'HIGH_TURNOVER', 'result': 'PASS', 'limit': 0.7, 'value': 0.1228}, {'name': 'CONCENTRATED_WEIGHT', 'result': 'PASS'}, {'name': 'LOW_SUB_UNIVERSE_SHARPE', 'result': 'PASS', 'limit': 0.83, 'value': 1.0}, {'name': 'SELF_CORRELATION', 'result': 'PENDING'}, {'name': 'PROD_CORRELATION', 'result': 'PENDING'}, {'name': 'REGULAR_SUBMISSION', 'result': 'PENDING'}, {'name': 'MATCHES_THEMES', 'result': 'WARNING', 'matched': [], 'unmatched': [{'id': 'qyQGwDE', 'name': 'Data Field Theme 19', 'multiplier': 5.0}]}, {'name': 'IS_LADDER_SHARPE', 'result': 'PENDING'}]}",,,,,,"rank(ts_arg_max(mdl165_dl8ibesnuggetschiwumodel1_81v,150))-rank(ts_av_diff(mdl165_dl8starminenuggetschiehuangmodel1_54v,120))",2,0,1.92,1.12,WARNING
p13XAKb,REGULAR,TN31932,"{'instrumentType': 'EQUITY', 'region': 'USA', 'universe': 'TOP3000', 'delay': 1, 'decay': 10, 'neutralization': 'MARKET', 'truncation': 0.08, 'pasteurization': 'ON', 'unitHandling': 'VERIFY', 'nanHandling': 'OFF', 'language': 'FASTEXPR', 'visualization': False}","{'code': '-group_rank(ts_zscore(mdl165_forddl8nuggetv1_24v,90)/log(fnd17_qsga2rev),sector)+rank(ts_delta(power(est_q_pre_lowerednum_1mth,2),20))', 'description': None, 'operatorCount': 9}",2023-05-24T23:49:11-04:00,,2023-05-25T03:49:11-04:00,,False,False,,,[],,IS,UNSUBMITTED,"{'pnl': 8128516, 'bookSize': 20000000, 'longCount': 1082, 'shortCount': 1051, 'turnover': 0.2195, 'returns': 0.0826, 'drawdown': 0.037, 'margin': 0.000753, 'fitness': 1.39, 'sharpe': 2.26, 'checks': [{'name': 'LOW_SHARPE', 'result': 'PASS', 'limit': 1.58, 'value': 2.26}, {'name': 'LOW_FITNESS', 'result': 'PASS', 'limit': 1.0, 'value': 1.39}, {'name': 'LOW_TURNOVER', 'result': 'PASS', 'limit': 0.01, 'value': 0.2195}, {'name': 'HIGH_TURNOVER', 'result': 'PASS', 'limit': 0.7, 'value': 0.2195}, {'name': 'CONCENTRATED_WEIGHT', 'result': 'PASS'}, {'name': 'LOW_SUB_UNIVERSE_SHARPE', 'result': 'PASS', 'limit': 0.98, 'value': 1.5}, {'name': 'SELF_CORRELATION', 'result': 'PENDING'}, {'name': 'PROD_CORRELATION', 'result': 'PENDING'}, {'name': 'REGULAR_SUBMISSION', 'result': 'PENDING'}, {'name': 'MATCHES_THEMES', 'result': 'WARNING', 'matched': [], 'unmatched': [{'id': 'qyQGwDE', 'name': 'Data Field Theme 19', 'multiplier': 5.0}]}, {'name': 'IS_LADDER_SHARPE', 'result': 'PENDING'}]}",,,,,,"-group_rank(ts_zscore(mdl165_forddl8nuggetv1_24v,90)/log(fnd17_qsga2rev),sector)+rank(ts_delta(power(est_q_pre_lowerednum_1mth,2),20))",2,0,2.26,1.39,WARNING
Ll3jJba,REGULAR,TN31932,"{'instrumentType': 'EQUITY', 'region': 'USA', 'universe': 'TOP3000', 'delay': 1, 'decay': 0, 'neutralization': 'MARKET', 'truncation': 0.08, 'pasteurization': 'ON', 'unitHandling': 'VERIFY', 'nanHandling': 'OFF', 'language': 'FASTEXPR', 'visualization': False}","{'code': 'rank(regression_neut(arc_tan(mdl165_dl8starminenuggetschiehuangmodel1_24v),signed_power(mdl162_rect_a_252,2)))-rank(ts_corr(sigmoid(vec_sum(nws7_usa_news_storytones_pzengxth_take_seqno)),inst_tvr(se_neg_words,5),30))', 'description': None, 'operatorCount': 10}",2023-05-24T23:50:02-04:00,,2023-05-25T03:50:02-04:00,,False,False,,,[],,IS,UNSUBMITTED,"{'pnl': 9927081, 'bookSize': 20000000, 'longCount': 269, 'shortCount': 273, 'turnover': 0.2466, 'returns': 0.1009, 'drawdown': 0.0763, 'margin': 0.000819, 'fitness': 1.01, 'sharpe': 1.58, 'checks': [{'name': 'LOW_SHARPE', 'result': 'PASS', 'limit': 1.58, 'value': 1.58}, {'name': 'LOW_FITNESS', 'result': 'PASS', 'limit': 1.0, 'value': 1.01}, {'name': 'LOW_TURNOVER', 'result': 'PASS', 'limit': 0.01, 'value': 0.2466}, {'name': 'HIGH_TURNOVER', 'result': 'PASS', 'limit': 0.7, 'value': 0.2466}, {'name': 'CONCENTRATED_WEIGHT', 'result': 'PASS'}, {'name': 'LOW_SUB_UNIVERSE_SHARPE', 'result': 'PASS', 'limit': 0.68, 'value': 1.09}, {'name': 'SELF_CORRELATION', 'result': 'PENDING'}, {'name': 'PROD_CORRELATION', 'result': 'PENDING'}, {'name': 'REGULAR_SUBMISSION', 'result': 'PENDING'}, {'name': 'MATCHES_THEMES', 'result': 'WARNING', 'matched': [], 'unmatched': [{'id': 'qyQGwDE', 'name': 'Data Field Theme 19', 'multiplier': 5.0}]}, {'name': 'IS_LADDER_SHARPE', 'result': 'PENDING'}]}",,,,,,"rank(regression_neut(arc_tan(mdl165_dl8starminenuggetschiehuangmodel1_24v),signed_power(mdl162_rect_a_252,2)))-rank(ts_corr(sigmoid(vec_sum(nws7_usa_news_storytones_pzengxth_take_seqno)),inst_tvr(se_neg_words,5),30))",2,0,1.58,1.01,WARNING
O5gYaVv,REGULAR,TN31932,"{'instrumentType': 'EQUITY', 'region': 'USA', 'universe': 'TOP3000', 'delay': 1, 'decay': 0, 'neutralization': 'MARKET', 'truncation': 0.08, 'pasteurization': 'ON', 'unitHandling': 'VERIFY', 'nanHandling': 'OFF', 'language': 'FASTEXPR', 'visualization': False}","{'code': 'rank(regression_neut(ts_min_max_diff(mdl165_dl8ibesnuggetskachengmodel1_7v,180),anl15_bps_ind_cal_fy3_1m_chg))-group_rank(ts_sum(vec_ir(mcr27_bucket_monthly_jobsactive),250)/ts_sum(mdl116_epsyld_ntm_deltapredict_model_madp,5),industry)', 'description': None, 'operatorCount': 9}",2023-05-24T23:50:39-04:00,,2023-05-25T03:50:39-04:00,,False,False,,,[],,IS,UNSUBMITTED,"{'pnl': 3385754, 'bookSize': 20000000, 'longCount': 1019, 'shortCount': 1050, 'turnover': 0.1289, 'returns': 0.1168, 'drawdown': 0.0743, 'margin': 0.001812, 'fitness': 1.55, 'sharpe': 1.63, 'checks': [{'name': 'LOW_SHARPE', 'result': 'PASS', 'limit': 1.58, 'value': 1.63}, {'name': 'LOW_FITNESS', 'result': 'PASS', 'limit': 1.0, 'value': 1.55}, {'name': 'LOW_TURNOVER', 'result': 'PASS', 'limit': 0.01, 'value': 0.1289}, {'name': 'HIGH_TURNOVER', 'result': 'PASS', 'limit': 0.7, 'value': 0.1289}, {'name': 'CONCENTRATED_WEIGHT', 'result': 'PASS'}, {'name': 'LOW_SUB_UNIVERSE_SHARPE', 'result': 'PASS', 'limit': 0.71, 'value': 1.53}, {'name': 'SELF_CORRELATION', 'result': 'PENDING'}, {'name': 'PROD_CORRELATION', 'result': 'PENDING'}, {'name': 'REGULAR_SUBMISSION', 'result': 'PENDING'}, {'name': 'MATCHES_THEMES', 'result': 'WARNING', 'matched': [], 'unmatched': [{'id': 'qyQGwDE', 'name': 'Data Field Theme 19', 'multiplier': 5.0}]}, {'name': 'IS_LADDER_SHARPE', 'result': 'PENDING'}]}",,,,,,"rank(regression_neut(ts_min_max_diff(mdl165_dl8ibesnuggetskachengmodel1_7v,180),anl15_bps_ind_cal_fy3_1m_chg))-group_rank(ts_sum(vec_ir(mcr27_bucket_monthly_jobsactive),250)/ts_sum(mdl116_epsyld_ntm_deltapredict_model_madp,5),industry)",2,0,1.63,1.55,WARNING
KwZ0REx,REGULAR,TN31932,"{'instrumentType': 'EQUITY', 'region': 'USA', 'universe': 'TOP3000', 'delay': 1, 'decay': 0, 'neutralization': 'MARKET', 'truncation': 0.08, 'pasteurization': 'ON', 'unitHandling': 'VERIFY', 'nanHandling': 'OFF', 'language': 'FASTEXPR', 'visualization': False}","{'code': '-group_rank(ts_sum(ts_delta(vec_stddev(fnd14_egc_form_fkey),120),126),industry)-group_rank(regression_neut(ts_scale(mdl77_2400_vefcomtt,20),ts_median(mdl165_forddl8nuggetv2_6v,200)),sector)', 'description': None, 'operatorCount': 10}",2023-05-24T23:51:27-04:00,,2023-05-25T03:51:27-04:00,,False,False,,,[],,IS,UNSUBMITTED,"{'pnl': 2238278, 'bookSize': 20000000, 'longCount': 1262, 'shortCount': 1266, 'turnover': 0.3793, 'returns': 0.1052, 'drawdown': 0.0252, 'margin': 0.000555, 'fitness': 1.07, 'sharpe': 2.03, 'checks': [{'name': 'LOW_SHARPE', 'result': 'PASS', 'limit': 1.58, 'value': 2.03}, {'name': 'LOW_FITNESS', 'result': 'PASS', 'limit': 1.0, 'value': 1.07}, {'name': 'LOW_TURNOVER', 'result': 'PASS', 'limit': 0.01, 'value': 0.3793}, {'name': 'HIGH_TURNOVER', 'result': 'PASS', 'limit': 0.7, 'value': 0.3793}, {'name': 'CONCENTRATED_WEIGHT', 'result': 'PASS'}, {'name': 'LOW_SUB_UNIVERSE_SHARPE', 'result': 'PASS', 'limit': 0.88, 'value': 1.26}, {'name': 'SELF_CORRELATION', 'result': 'PENDING'}, {'name': 'PROD_CORRELATION', 'result': 'PENDING'}, {'name': 'REGULAR_SUBMISSION', 'result': 'PENDING'}, {'name': 'MATCHES_THEMES', 'result': 'WARNING', 'matched': [], 'unmatched': [{'id': 'qyQGwDE', 'name': 'Data Field Theme 19', 'multiplier': 5.0}]}, {'name': 'IS_LADDER_SHARPE', 'result': 'PENDING'}]}",,,,,,"-group_rank(ts_sum(ts_delta(vec_stddev(fnd14_egc_form_fkey),120),126),industry)-group_rank(regression_neut(ts_scale(mdl77_2400_vefcomtt,20),ts_median(mdl165_forddl8nuggetv2_6v,200)),sector)",2,0,2.03,1.07,WARNING
O5gYw0Y,REGULAR,TN31932,"{'instrumentType': 'EQUITY', 'region': 'USA', 'universe': 'TOP3000', 'delay': 1, 'decay': 0, 'neutralization': 'MARKET', 'truncation': 0.08, 'pasteurization': 'ON', 'unitHandling': 'VERIFY', 'nanHandling': 'OFF', 'language': 'FASTEXPR', 'visualization': False}","{'code': 'rank(inst_tvr(oth455_customer_n2v_p10_q200_w3_pca_fact3_value,200)/ts_mean(vec_avg(fnd14_rtq_td_rtq_nvr_cni_twh),60))-group_rank(ts_ir(ts_stddev(vec_avg(nws21_abz1neg_version),90),120),sector)', 'description': None, 'operatorCount': 10}",2023-05-24T23:54:27-04:00,,2023-05-25T03:54:27-04:00,,False,False,,,[],,IS,UNSUBMITTED,"{'pnl': 1568656, 'bookSize': 20000000, 'longCount': 1074, 'shortCount': 1068, 'turnover': 0.0329, 'returns': 0.0601, 'drawdown': 0.0481, 'margin': 0.003659, 'fitness': 1.26, 'sharpe': 1.81, 'checks': [{'name': 'LOW_SHARPE', 'result': 'PASS', 'limit': 1.58, 'value': 1.81}, {'name': 'LOW_FITNESS', 'result': 'PASS', 'limit': 1.0, 'value': 1.26}, {'name': 'LOW_TURNOVER', 'result': 'PASS', 'limit': 0.01, 'value': 0.0329}, {'name': 'HIGH_TURNOVER', 'result': 'PASS', 'limit': 0.7, 'value': 0.0329}, {'name': 'CONCENTRATED_WEIGHT', 'result': 'PASS'}, {'name': 'LOW_SUB_UNIVERSE_SHARPE', 'result': 'PASS', 'limit': 0.78, 'value': 1.02}, {'name': 'SELF_CORRELATION', 'result': 'PENDING'}, {'name': 'PROD_CORRELATION', 'result': 'PENDING'}, {'name': 'REGULAR_SUBMISSION', 'result': 'PENDING'}, {'name': 'MATCHES_THEMES', 'result': 'WARNING', 'matched': [], 'unmatched': [{'id': 'qyQGwDE', 'name': 'Data Field Theme 19', 'multiplier': 5.0}]}, {'name': 'IS_LADDER_SHARPE', 'result': 'PENDING'}]}",,,,,,"rank(inst_tvr(oth455_customer_n2v_p10_q200_w3_pca_fact3_value,200)/ts_mean(vec_avg(fnd14_rtq_td_rtq_nvr_cni_twh),60))-group_rank(ts_ir(ts_stddev(vec_avg(nws21_abz1neg_version),90),120),sector)",2,0,1.81,1.26,WARNING
1n09Lbm,REGULAR,TN31932,"{'instrumentType': 'EQUITY', 'region': 'USA', 'universe': 'TOP3000', 'delay': 1, 'decay': 0, 'neutralization': 'MARKET', 'truncation': 0.08, 'pasteurization': 'ON', 'unitHandling': 'VERIFY', 'nanHandling': 'OFF', 'language': 'FASTEXPR', 'visualization': False}","{'code': '-rank(ts_ir(vec_max(nws12_prez_provider),126))-group_rank(ts_zscore(power(mdl165_dl8ibesnuggetskachengmodel1_91v,2),63),subindustry)', 'description': None, 'operatorCount': 8}",2023-05-24T23:56:58-04:00,,2023-05-25T03:56:58-04:00,,False,False,,,[],,IS,UNSUBMITTED,"{'pnl': 6066123, 'bookSize': 20000000, 'longCount': 1407, 'shortCount': 1414, 'turnover': 0.2539, 'returns': 0.0617, 'drawdown': 0.0248, 'margin': 0.000486, 'fitness': 1.02, 'sharpe': 2.06, 'checks': [{'name': 'LOW_SHARPE', 'result': 'PASS', 'limit': 1.58, 'value': 2.06}, {'name': 'LOW_FITNESS', 'result': 'PASS', 'limit': 1.0, 'value': 1.02}, {'name': 'LOW_TURNOVER', 'result': 'PASS', 'limit': 0.01, 'value': 0.2539}, {'name': 'HIGH_TURNOVER', 'result': 'PASS', 'limit': 0.7, 'value': 0.2539}, {'name': 'CONCENTRATED_WEIGHT', 'result': 'PASS'}, {'name': 'LOW_SUB_UNIVERSE_SHARPE', 'result': 'PASS', 'limit': 0.89, 'value': 1.26}, {'name': 'SELF_CORRELATION', 'result': 'PENDING'}, {'name': 'PROD_CORRELATION', 'result': 'PENDING'}, {'name': 'REGULAR_SUBMISSION', 'result': 'PENDING'}, {'name': 'MATCHES_THEMES', 'result': 'WARNING', 'matched': [], 'unmatched': [{'id': 'qyQGwDE', 'name': 'Data Field Theme 19', 'multiplier': 5.0}]}, {'name': 'IS_LADDER_SHARPE', 'result': 'PENDING'}]}",,,,,,"-rank(ts_ir(vec_max(nws12_prez_provider),126))-group_rank(ts_zscore(power(mdl165_dl8ibesnuggetskachengmodel1_91v,2),63),subindustry)",2,0,2.06,1.02,WARNING
vJPqGLG,REGULAR,TN31932,"{'instrumentType': 'EQUITY', 'region': 'USA', 'universe': 'TOP3000', 'delay': 1, 'decay': 4, 'neutralization': 'MARKET', 'truncation': 0.08, 'pasteurization': 'ON', 'unitHandling': 'VERIFY', 'nanHandling': 'OFF', 'language': 'FASTEXPR', 'visualization': False}","{'code': '-rank(ts_zscore(vec_range(mdl176_financials)/s_log_1p(fnd65_totalcap_cusip_pc_ratio),90))-rank(vector_neut(rank(vec_percentage(mdl135_d3ntr,percentage=0.5)),mdl165_dl8qsgnuggetskachengmodel1_61v))', 'description': None, 'operatorCount': 11}",2023-05-25T00:24:08-04:00,,2023-05-25T04:24:08-04:00,,False,False,,,[],,IS,UNSUBMITTED,"{'pnl': 3236098, 'bookSize': 20000000, 'longCount': 853, 'shortCount': 854, 'turnover': 0.3585, 'returns': 0.31, 'drawdown': 0.0628, 'margin': 0.001729, 'fitness': 2.08, 'sharpe': 2.24, 'checks': [{'name': 'LOW_SHARPE', 'result': 'PASS', 'limit': 1.58, 'value': 2.24}, {'name': 'LOW_FITNESS', 'result': 'PASS', 'limit': 1.0, 'value': 2.08}, {'name': 'LOW_TURNOVER', 'result': 'PASS', 'limit': 0.01, 'value': 0.3585}, {'name': 'HIGH_TURNOVER', 'result': 'PASS', 'limit': 0.7, 'value': 0.3585}, {'name': 'CONCENTRATED_WEIGHT', 'result': 'PASS'}, {'name': 'LOW_SUB_UNIVERSE_SHARPE', 'result': 'PASS', 'limit': 0.97, 'value': 2.5}, {'name': 'SELF_CORRELATION', 'result': 'PENDING'}, {'name': 'PROD_CORRELATION', 'result': 'PENDING'}, {'name': 'REGULAR_SUBMISSION', 'result': 'PENDING'}, {'name': 'MATCHES_THEMES', 'result': 'WARNING', 'matched': [], 'unmatched': [{'id': 'qyQGwDE', 'name': 'Data Field Theme 19', 'multiplier': 5.0}]}, {'name': 'IS_LADDER_SHARPE', 'result': 'PENDING'}]}",,,,,,"-rank(ts_zscore(vec_range(mdl176_financials)/s_log_1p(fnd65_totalcap_cusip_pc_ratio),90))-rank(vector_neut(rank(vec_percentage(mdl135_d3ntr,percentage=0.5)),mdl165_dl8qsgnuggetskachengmodel1_61v))",2,0,2.24,2.08,WARNING
o9Zpxll,REGULAR,TN31932,"{'instrumentType': 'EQUITY', 'region': 'USA', 'universe': 'TOP3000', 'delay': 1, 'decay': 5, 'neutralization': 'MARKET', 'truncation': 0.08, 'pasteurization': 'ON', 'unitHandling': 'VERIFY', 'nanHandling': 'OFF', 'language': 'FASTEXPR', 'visualization': False}","{'code': '-rank(log(mdl77_pricemomemtummodel_indrelrtn5d_))-rank(ts_max(mdl58_securityname,240)/mdl23_bk_pric_volatil_ann)+(volume > adv20 ? 2 * rank(-ts_delta(close, 2)) : rank(-ts_delta(close, 2)))', 'description': None, 'operatorCount': 17}",2023-05-25T00:35:48-04:00,,2023-05-25T04:35:48-04:00,,False,False,,,[],,IS,UNSUBMITTED,"{'pnl': 9151812, 'bookSize': 20000000, 'longCount': 995, 'shortCount': 1077, 'turnover': 0.3908, 'returns': 0.1567, 'drawdown': 0.1049, 'margin': 0.000802, 'fitness': 1.06, 'sharpe': 1.67, 'checks': [{'name': 'LOW_SHARPE', 'result': 'PASS', 'limit': 1.58, 'value': 1.67}, {'name': 'LOW_FITNESS', 'result': 'PASS', 'limit': 1.0, 'value': 1.06}, {'name': 'LOW_TURNOVER', 'result': 'PASS', 'limit': 0.01, 'value': 0.3908}, {'name': 'HIGH_TURNOVER', 'result': 'PASS', 'limit': 0.7, 'value': 0.3908}, {'name': 'CONCENTRATED_WEIGHT', 'result': 'PASS'}, {'name': 'LOW_SUB_UNIVERSE_SHARPE', 'result': 'PASS', 'limit': 0.72, 'value': 1.47}, {'name': 'SELF_CORRELATION', 'result': 'PENDING'}, {'name': 'PROD_CORRELATION', 'result': 'PENDING'}, {'name': 'REGULAR_SUBMISSION', 'result': 'PENDING'}, {'name': 'MATCHES_THEMES', 'result': 'WARNING', 'matched': [], 'unmatched': [{'id': 'qyQGwDE', 'name': 'Data Field Theme 19', 'multiplier': 5.0}]}, {'name': 'IS_LADDER_SHARPE', 'result': 'PENDING'}]}",,,,,,"-rank(log(mdl77_pricemomemtummodel_indrelrtn5d_))-rank(ts_max(mdl58_securityname,240)/mdl23_bk_pric_volatil_ann)+(volume > adv20 ? 2 * rank(-ts_delta(close, 2)) : rank(-ts_delta(close, 2)))",5,0,1.67,1.06,WARNING
wJWxp8x,REGULAR,TN31932,"{'instrumentType': 'EQUITY', 'region': 'USA', 'universe': 'TOP3000', 'delay': 1, 'decay': 5, 'neutralization': 'MARKET', 'truncation': 0.08, 'pasteurization': 'ON', 'unitHandling': 'VERIFY', 'nanHandling': 'OFF', 'language': 'FASTEXPR', 'visualization': False}","{'code': '-group_rank(inst_pnl(oth432_trkdpitpredictivetangiblebvps_prediction),industry)+rank(ts_min_max_diff(mdl211_opry_deltaprofitability_profitability3,252))+(volume > adv20 ? 2 * rank(-ts_delta(close, 2)) : rank(-ts_delta(close, 2)))', 'description': None, 'operatorCount': 16}",2023-05-25T00:38:02-04:00,,2023-05-25T04:38:02-04:00,,False,False,,,[],,IS,UNSUBMITTED,"{'pnl': 13512562, 'bookSize': 20000000, 'longCount': 1396, 'shortCount': 1480, 'turnover': 0.4701, 'returns': 0.1374, 'drawdown': 0.0898, 'margin': 0.000584, 'fitness': 1.02, 'sharpe': 1.88, 'checks': [{'name': 'LOW_SHARPE', 'result': 'PASS', 'limit': 1.58, 'value': 1.88}, {'name': 'LOW_FITNESS', 'result': 'PASS', 'limit': 1.0, 'value': 1.02}, {'name': 'LOW_TURNOVER', 'result': 'PASS', 'limit': 0.01, 'value': 0.4701}, {'name': 'HIGH_TURNOVER', 'result': 'PASS', 'limit': 0.7, 'value': 0.4701}, {'name': 'CONCENTRATED_WEIGHT', 'result': 'PASS'}, {'name': 'LOW_SUB_UNIVERSE_SHARPE', 'result': 'PASS', 'limit': 0.81, 'value': 1.43}, {'name': 'SELF_CORRELATION', 'result': 'PENDING'}, {'name': 'PROD_CORRELATION', 'result': 'PENDING'}, {'name': 'REGULAR_SUBMISSION', 'result': 'PENDING'}, {'name': 'MATCHES_THEMES', 'result': 'WARNING', 'matched': [], 'unmatched': [{'id': 'qyQGwDE', 'name': 'Data Field Theme 19', 'multiplier': 5.0}]}, {'name': 'IS_LADDER_SHARPE', 'result': 'PENDING'}]}",,,,,,"-group_rank(inst_pnl(oth432_trkdpitpredictivetangiblebvps_prediction),industry)+rank(ts_min_max_diff(mdl211_opry_deltaprofitability_profitability3,252))+(volume > adv20 ? 2 * rank(-ts_delta(close, 2)) : rank(-ts_delta(close, 2)))",5,0,1.88,1.02,WARNING
ZWN3Yl0,REGULAR,TN31932,"{'instrumentType': 'EQUITY', 'region': 'USA', 'universe': 'TOP3000', 'delay': 1, 'decay': 5, 'neutralization': 'MARKET', 'truncation': 0.08, 'pasteurization': 'ON', 'unitHandling': 'VERIFY', 'nanHandling': 'OFF', 'language': 'FASTEXPR', 'visualization': False}","{'code': '-group_rank(inst_pnl(mdl77_ohistoricalgrowthfactor_y3fcq4vc),subindustry)-group_rank(ts_rank(s_log_1p(fnd17_pr2tanbk),30),sector)+(volume > adv20 ? 2 * rank(-ts_delta(close, 2)) : rank(-ts_delta(close, 2)))', 'description': None, 'operatorCount': 17}",2023-05-25T00:38:28-04:00,,2023-05-25T04:38:28-04:00,,False,False,,,[],,IS,UNSUBMITTED,"{'pnl': 15035532, 'bookSize': 20000000, 'longCount': 1021, 'shortCount': 1100, 'turnover': 0.484, 'returns': 0.1529, 'drawdown': 0.0773, 'margin': 0.000632, 'fitness': 1.07, 'sharpe': 1.9, 'checks': [{'name': 'LOW_SHARPE', 'result': 'PASS', 'limit': 1.58, 'value': 1.9}, {'name': 'LOW_FITNESS', 'result': 'PASS', 'limit': 1.0, 'value': 1.07}, {'name': 'LOW_TURNOVER', 'result': 'PASS', 'limit': 0.01, 'value': 0.484}, {'name': 'HIGH_TURNOVER', 'result': 'PASS', 'limit': 0.7, 'value': 0.484}, {'name': 'CONCENTRATED_WEIGHT', 'result': 'PASS'}, {'name': 'LOW_SUB_UNIVERSE_SHARPE', 'result': 'PASS', 'limit': 0.82, 'value': 1.27}, {'name': 'SELF_CORRELATION', 'result': 'PENDING'}, {'name': 'PROD_CORRELATION', 'result': 'PENDING'}, {'name': 'REGULAR_SUBMISSION', 'result': 'PENDING'}, {'name': 'MATCHES_THEMES', 'result': 'WARNING', 'matched': [], 'unmatched': [{'id': 'qyQGwDE', 'name': 'Data Field Theme 19', 'multiplier': 5.0}]}, {'name': 'IS_LADDER_SHARPE', 'result': 'PENDING'}]}",,,,,,"-group_rank(inst_pnl(mdl77_ohistoricalgrowthfactor_y3fcq4vc),subindustry)-group_rank(ts_rank(s_log_1p(fnd17_pr2tanbk),30),sector)+(volume > adv20 ? 2 * rank(-ts_delta(close, 2)) : rank(-ts_delta(close, 2)))",5,0,1.9,1.07,WARNING
wJWxpr1,REGULAR,TN31932,"{'instrumentType': 'EQUITY', 'region': 'USA', 'universe': 'TOP3000', 'delay': 1, 'decay': 5, 'neutralization': 'MARKET', 'truncation': 0.08, 'pasteurization': 'ON', 'unitHandling': 'VERIFY', 'nanHandling': 'OFF', 'language': 'FASTEXPR', 'visualization': False}","{'code': 'group_rank(ts_rank(scale(mdl165_dl8ibesnuggetschiwumodel1_91v),63),sector)+rank(ts_min_max_diff(mdl165_dl8ibesnuggetschiwumodel1_91v,120))+(volume > adv20 ? 2 * rank(-ts_delta(close, 2)) : rank(-ts_delta(close, 2)))', 'description': None, 'operatorCount': 16}",2023-05-25T00:39:16-04:00,,2023-05-25T04:39:16-04:00,,False,False,,,[],,IS,UNSUBMITTED,"{'pnl': 12283187, 'bookSize': 20000000, 'longCount': 1534, 'shortCount': 1571, 'turnover': 0.4017, 'returns': 0.1249, 'drawdown': 0.0823, 'margin': 0.000622, 'fitness': 1.14, 'sharpe': 2.05, 'checks': [{'name': 'LOW_SHARPE', 'result': 'PASS', 'limit': 1.58, 'value': 2.05}, {'name': 'LOW_FITNESS', 'result': 'PASS', 'limit': 1.0, 'value': 1.14}, {'name': 'LOW_TURNOVER', 'result': 'PASS', 'limit': 0.01, 'value': 0.4017}, {'name': 'HIGH_TURNOVER', 'result': 'PASS', 'limit': 0.7, 'value': 0.4017}, {'name': 'CONCENTRATED_WEIGHT', 'result': 'PASS'}, {'name': 'LOW_SUB_UNIVERSE_SHARPE', 'result': 'PASS', 'limit': 0.89, 'value': 1.84}, {'name': 'SELF_CORRELATION', 'result': 'PENDING'}, {'name': 'PROD_CORRELATION', 'result': 'PENDING'}, {'name': 'REGULAR_SUBMISSION', 'result': 'PENDING'}, {'name': 'MATCHES_THEMES', 'result': 'WARNING', 'matched': [], 'unmatched': [{'id': 'qyQGwDE', 'name': 'Data Field Theme 19', 'multiplier': 5.0}]}, {'name': 'IS_LADDER_SHARPE', 'result': 'PENDING'}]}",,,,,,"group_rank(ts_rank(scale(mdl165_dl8ibesnuggetschiwumodel1_91v),63),sector)+rank(ts_min_max_diff(mdl165_dl8ibesnuggetschiwumodel1_91v,120))+(volume > adv20 ? 2 * rank(-ts_delta(close, 2)) : rank(-ts_delta(close, 2)))",5,0,2.05,1.14,WARNING
RkPQjpd,REGULAR,TN31932,"{'instrumentType': 'EQUITY', 'region': 'USA', 'universe': 'TOP3000', 'delay': 1, 'decay': 5, 'neutralization': 'MARKET', 'truncation': 0.08, 'pasteurization': 'ON', 'unitHandling': 'VERIFY', 'nanHandling': 'OFF', 'language': 'FASTEXPR', 'visualization': False}","{'code': '-rank(ts_min(days_from_last_change(vec_sum(nws31_windows)),40))+group_rank(ts_rank(vec_max(mdl135_d01_icc)/mdl165_dl8ibesnuggetschiwumodel1_62v,63),industry)+(volume > adv20 ? 2 * rank(-ts_delta(close, 2)) : rank(-ts_delta(close, 2)))', 'description': None, 'operatorCount': 20}",2023-05-25T00:39:49-04:00,,2023-05-25T04:39:49-04:00,,False,False,,,[],,IS,UNSUBMITTED,"{'pnl': 13812421, 'bookSize': 20000000, 'longCount': 1272, 'shortCount': 1404, 'turnover': 0.4744, 'returns': 0.1404, 'drawdown': 0.0791, 'margin': 0.000592, 'fitness': 1.1, 'sharpe': 2.02, 'checks': [{'name': 'LOW_SHARPE', 'result': 'PASS', 'limit': 1.58, 'value': 2.02}, {'name': 'LOW_FITNESS', 'result': 'PASS', 'limit': 1.0, 'value': 1.1}, {'name': 'LOW_TURNOVER', 'result': 'PASS', 'limit': 0.01, 'value': 0.4744}, {'name': 'HIGH_TURNOVER', 'result': 'PASS', 'limit': 0.7, 'value': 0.4744}, {'name': 'CONCENTRATED_WEIGHT', 'result': 'PASS'}, {'name': 'LOW_SUB_UNIVERSE_SHARPE', 'result': 'PASS', 'limit': 0.87, 'value': 1.63}, {'name': 'SELF_CORRELATION', 'result': 'PENDING'}, {'name': 'PROD_CORRELATION', 'result': 'PENDING'}, {'name': 'REGULAR_SUBMISSION', 'result': 'PENDING'}, {'name': 'MATCHES_THEMES', 'result': 'WARNING', 'matched': [], 'unmatched': [{'id': 'qyQGwDE', 'name': 'Data Field Theme 19', 'multiplier': 5.0}]}, {'name': 'IS_LADDER_SHARPE', 'result': 'PENDING'}]}",,,,,,"-rank(ts_min(days_from_last_change(vec_sum(nws31_windows)),40))+group_rank(ts_rank(vec_max(mdl135_d01_icc)/mdl165_dl8ibesnuggetschiwumodel1_62v,63),industry)+(volume > adv20 ? 2 * rank(-ts_delta(close, 2)) : rank(-ts_delta(close, 2)))",5,0,2.02,1.1,WARNING
XYMQGWa,REGULAR,TN31932,"{'instrumentType': 'EQUITY', 'region': 'USA', 'universe': 'TOP3000', 'delay': 1, 'decay': 5, 'neutralization': 'MARKET', 'truncation': 0.08, 'pasteurization': 'ON', 'unitHandling': 'VERIFY', 'nanHandling': 'OFF', 'language': 'FASTEXPR', 'visualization': False}","{'code': '-rank(ts_arg_min(inst_pnl(mdl162_621_a_ip)/ts_arg_min(mdl165_dl8ibesnuggetschiwumodel2_43v,252),150))-rank(ts_corr(ts_zscore(vec_norm(mdl117_md_delta_score_constraining),60),ts_arg_max(vec_choose(opt1_price_close,nth=0),252),180))+(volume > adv20 ? 2 * rank(-ts_delta(close, 2)) : rank(-ts_delta(close, 2)))', 'description': None, 'operatorCount': 23}",2023-05-25T00:41:29-04:00,,2023-05-25T04:41:29-04:00,,False,False,,,[],,IS,UNSUBMITTED,"{'pnl': 13390696, 'bookSize': 20000000, 'longCount': 1139, 'shortCount': 1190, 'turnover': 0.3386, 'returns': 0.1361, 'drawdown': 0.075, 'margin': 0.000804, 'fitness': 1.58, 'sharpe': 2.49, 'checks': [{'name': 'LOW_SHARPE', 'result': 'PASS', 'limit': 1.58, 'value': 2.49}, {'name': 'LOW_FITNESS', 'result': 'PASS', 'limit': 1.0, 'value': 1.58}, {'name': 'LOW_TURNOVER', 'result': 'PASS', 'limit': 0.01, 'value': 0.3386}, {'name': 'HIGH_TURNOVER', 'result': 'PASS', 'limit': 0.7, 'value': 0.3386}, {'name': 'CONCENTRATED_WEIGHT', 'result': 'PASS'}, {'name': 'LOW_SUB_UNIVERSE_SHARPE', 'result': 'PASS', 'limit': 1.08, 'value': 1.76}, {'name': 'SELF_CORRELATION', 'result': 'PENDING'}, {'name': 'PROD_CORRELATION', 'result': 'PENDING'}, {'name': 'REGULAR_SUBMISSION', 'result': 'PENDING'}, {'name': 'MATCHES_THEMES', 'result': 'WARNING', 'matched': [], 'unmatched': [{'id': 'qyQGwDE', 'name': 'Data Field Theme 19', 'multiplier': 5.0}]}, {'name': 'IS_LADDER_SHARPE', 'result': 'PENDING'}]}",,,,,,"-rank(ts_arg_min(inst_pnl(mdl162_621_a_ip)/ts_arg_min(mdl165_dl8ibesnuggetschiwumodel2_43v,252),150))-rank(ts_corr(ts_zscore(vec_norm(mdl117_md_delta_score_constraining),60),ts_arg_max(vec_choose(opt1_price_close,nth=0),252),180))+(volume > adv20 ? 2 * rank(-ts_delta(close, 2)) : rank(-ts_delta(close, 2)))",5,0,2.49,1.58,WARNING
3nJrbbQ,REGULAR,TN31932,"{'instrumentType': 'EQUITY', 'region': 'USA', 'universe': 'TOP3000', 'delay': 1, 'decay': 5, 'neutralization': 'MARKET', 'truncation': 0.08, 'pasteurization': 'ON', 'unitHandling': 'VERIFY', 'nanHandling': 'OFF', 'language': 'FASTEXPR', 'visualization': False}","{'code': 'group_rank(ts_rank(ts_median(mdl165_dl8starminenuggetschiehuangmodel1_2v,20),126),sector)+group_rank(ts_arg_min(vec_avg(nws21_abz2_version)/ts_min(vec_range(nws5_rangestddev),5),250),sector)+(volume > adv20 ? 2 * rank(-ts_delta(close, 2)) : rank(-ts_delta(close, 2)))', 'description': None, 'operatorCount': 20}",2023-05-25T00:42:07-04:00,,2023-05-25T04:42:07-04:00,,False,False,,,[],,IS,UNSUBMITTED,"{'pnl': 13086997, 'bookSize': 20000000, 'longCount': 1206, 'shortCount': 1258, 'turnover': 0.3334, 'returns': 0.1331, 'drawdown': 0.0742, 'margin': 0.000798, 'fitness': 1.42, 'sharpe': 2.24, 'checks': [{'name': 'LOW_SHARPE', 'result': 'PASS', 'limit': 1.58, 'value': 2.24}, {'name': 'LOW_FITNESS', 'result': 'PASS', 'limit': 1.0, 'value': 1.42}, {'name': 'LOW_TURNOVER', 'result': 'PASS', 'limit': 0.01, 'value': 0.3334}, {'name': 'HIGH_TURNOVER', 'result': 'PASS', 'limit': 0.7, 'value': 0.3334}, {'name': 'CONCENTRATED_WEIGHT', 'result': 'PASS'}, {'name': 'LOW_SUB_UNIVERSE_SHARPE', 'result': 'PASS', 'limit': 0.97, 'value': 1.83}, {'name': 'SELF_CORRELATION', 'result': 'PENDING'}, {'name': 'PROD_CORRELATION', 'result': 'PENDING'}, {'name': 'REGULAR_SUBMISSION', 'result': 'PENDING'}, {'name': 'MATCHES_THEMES', 'result': 'WARNING', 'matched': [], 'unmatched': [{'id': 'qyQGwDE', 'name': 'Data Field Theme 19', 'multiplier': 5.0}]}, {'name': 'IS_LADDER_SHARPE', 'result': 'PENDING'}]}",,,,,,"group_rank(ts_rank(ts_median(mdl165_dl8starminenuggetschiehuangmodel1_2v,20),126),sector)+group_rank(ts_arg_min(vec_avg(nws21_abz2_version)/ts_min(vec_range(nws5_rangestddev),5),250),sector)+(volume > adv20 ? 2 * rank(-ts_delta(close, 2)) : rank(-ts_delta(close, 2)))",5,0,2.24,1.42,WARNING
nOrRJ2a,REGULAR,TN31932,"{'instrumentType': 'EQUITY', 'region': 'USA', 'universe': 'TOP3000', 'delay': 1, 'decay': 5, 'neutralization': 'MARKET', 'truncation': 0.08, 'pasteurization': 'ON', 'unitHandling': 'VERIFY', 'nanHandling': 'OFF', 'language': 'FASTEXPR', 'visualization': False}","{'code': 'rank(ts_min_max_cps(mdl113_rsi_f_erlangertrendpredict_model_predict,126))-rank(ts_delay(ts_max_diff(anl15_salgics_gr_cal_fy1_pe,240)/sqrt(anl15_dpsgics_gr_cal_fy2_st_dev),150))+(volume > adv20 ? 2 * rank(-ts_delta(close, 2)) : rank(-ts_delta(close, 2)))', 'description': None, 'operatorCount': 18}",2023-05-25T00:42:35-04:00,,2023-05-25T04:42:35-04:00,,False,False,,,[],,IS,UNSUBMITTED,"{'pnl': 13361611, 'bookSize': 20000000, 'longCount': 1390, 'shortCount': 1465, 'turnover': 0.3541, 'returns': 0.1358, 'drawdown': 0.1017, 'margin': 0.000767, 'fitness': 1.01, 'sharpe': 1.63, 'checks': [{'name': 'LOW_SHARPE', 'result': 'PASS', 'limit': 1.58, 'value': 1.63}, {'name': 'LOW_FITNESS', 'result': 'PASS', 'limit': 1.0, 'value': 1.01}, {'name': 'LOW_TURNOVER', 'result': 'PASS', 'limit': 0.01, 'value': 0.3541}, {'name': 'HIGH_TURNOVER', 'result': 'PASS', 'limit': 0.7, 'value': 0.3541}, {'name': 'CONCENTRATED_WEIGHT', 'result': 'PASS'}, {'name': 'LOW_SUB_UNIVERSE_SHARPE', 'result': 'PASS', 'limit': 0.71, 'value': 1.25}, {'name': 'SELF_CORRELATION', 'result': 'PENDING'}, {'name': 'PROD_CORRELATION', 'result': 'PENDING'}, {'name': 'REGULAR_SUBMISSION', 'result': 'PENDING'}, {'name': 'MATCHES_THEMES', 'result': 'WARNING', 'matched': [], 'unmatched': [{'id': 'qyQGwDE', 'name': 'Data Field Theme 19', 'multiplier': 5.0}]}, {'name': 'IS_LADDER_SHARPE', 'result': 'PENDING'}]}",,,,,,"rank(ts_min_max_cps(mdl113_rsi_f_erlangertrendpredict_model_predict,126))-rank(ts_delay(ts_max_diff(anl15_salgics_gr_cal_fy1_pe,240)/sqrt(anl15_dpsgics_gr_cal_fy2_st_dev),150))+(volume > adv20 ? 2 * rank(-ts_delta(close, 2)) : rank(-ts_delta(close, 2)))",5,0,1.63,1.01,WARNING
N58mm7X,REGULAR,TN31932,"{'instrumentType': 'EQUITY', 'region': 'USA', 'universe': 'TOP3000', 'delay': 1, 'decay': 5, 'neutralization': 'MARKET', 'truncation': 0.08, 'pasteurization': 'ON', 'unitHandling': 'VERIFY', 'nanHandling': 'OFF', 'language': 'FASTEXPR', 'visualization': False}","{'code': 'group_rank(ts_co_kurtosis(ts_weighted_delay(vec_percentage(scl5_post_accountrating_value,percentage=0.5)),log(vec_max(scl7_s_volume)),40),subindustry)+rank(inst_pnl(mdl165_dl8ibesnuggetschiwumodel1_34v))+(volume > adv20 ? 2 * rank(-ts_delta(close, 2)) : rank(-ts_delta(close, 2)))', 'description': None, 'operatorCount': 19}",2023-05-25T00:44:03-04:00,,2023-05-25T04:44:03-04:00,,False,False,,,[],,IS,UNSUBMITTED,"{'pnl': 7925780, 'bookSize': 20000000, 'longCount': 1022, 'shortCount': 1071, 'turnover': 0.4831, 'returns': 0.15, 'drawdown': 0.0664, 'margin': 0.000621, 'fitness': 1.16, 'sharpe': 2.09, 'checks': [{'name': 'LOW_SHARPE', 'result': 'PASS', 'limit': 1.58, 'value': 2.09}, {'name': 'LOW_FITNESS', 'result': 'PASS', 'limit': 1.0, 'value': 1.16}, {'name': 'LOW_TURNOVER', 'result': 'PASS', 'limit': 0.01, 'value': 0.4831}, {'name': 'HIGH_TURNOVER', 'result': 'PASS', 'limit': 0.7, 'value': 0.4831}, {'name': 'CONCENTRATED_WEIGHT', 'result': 'PASS'}, {'name': 'LOW_SUB_UNIVERSE_SHARPE', 'result': 'PASS', 'limit': 0.9, 'value': 1.79}, {'name': 'SELF_CORRELATION', 'result': 'PENDING'}, {'name': 'PROD_CORRELATION', 'result': 'PENDING'}, {'name': 'REGULAR_SUBMISSION', 'result': 'PENDING'}, {'name': 'MATCHES_THEMES', 'result': 'WARNING', 'matched': [], 'unmatched': [{'id': 'qyQGwDE', 'name': 'Data Field Theme 19', 'multiplier': 5.0}]}, {'name': 'IS_LADDER_SHARPE', 'result': 'PENDING'}]}",,,,,,"group_rank(ts_co_kurtosis(ts_weighted_delay(vec_percentage(scl5_post_accountrating_value,percentage=0.5)),log(vec_max(scl7_s_volume)),40),subindustry)+rank(inst_pnl(mdl165_dl8ibesnuggetschiwumodel1_34v))+(volume > adv20 ? 2 * rank(-ts_delta(close, 2)) : rank(-ts_delta(close, 2)))",5,0,2.09,1.16,WARNING
KwZddMg,REGULAR,TN31932,"{'instrumentType': 'EQUITY', 'region': 'USA', 'universe': 'TOP3000', 'delay': 1, 'decay': 5, 'neutralization': 'MARKET', 'truncation': 0.08, 'pasteurization': 'ON', 'unitHandling': 'VERIFY', 'nanHandling': 'OFF', 'language': 'FASTEXPR', 'visualization': False}","{'code': 'rank(ts_rank(ts_max_diff(mdl211_nety_deltaprofitability_profitability2,20),63))-rank(inst_pnl(oth455_relation_roam_w2_pca_fact3_cluster_5))+(volume > adv20 ? 2 * rank(-ts_delta(close, 2)) : rank(-ts_delta(close, 2)))', 'description': None, 'operatorCount': 16}",2023-05-25T00:44:32-04:00,,2023-05-25T04:44:32-04:00,,False,False,,,[],,IS,UNSUBMITTED,"{'pnl': 13915637, 'bookSize': 20000000, 'longCount': 1456, 'shortCount': 1578, 'turnover': 0.4873, 'returns': 0.1415, 'drawdown': 0.105, 'margin': 0.000581, 'fitness': 1.01, 'sharpe': 1.88, 'checks': [{'name': 'LOW_SHARPE', 'result': 'PASS', 'limit': 1.58, 'value': 1.88}, {'name': 'LOW_FITNESS', 'result': 'PASS', 'limit': 1.0, 'value': 1.01}, {'name': 'LOW_TURNOVER', 'result': 'PASS', 'limit': 0.01, 'value': 0.4873}, {'name': 'HIGH_TURNOVER', 'result': 'PASS', 'limit': 0.7, 'value': 0.4873}, {'name': 'CONCENTRATED_WEIGHT', 'result': 'PASS'}, {'name': 'LOW_SUB_UNIVERSE_SHARPE', 'result': 'PASS', 'limit': 0.81, 'value': 1.61}, {'name': 'SELF_CORRELATION', 'result': 'PENDING'}, {'name': 'PROD_CORRELATION', 'result': 'PENDING'}, {'name': 'REGULAR_SUBMISSION', 'result': 'PENDING'}, {'name': 'MATCHES_THEMES', 'result': 'WARNING', 'matched': [], 'unmatched': [{'id': 'qyQGwDE', 'name': 'Data Field Theme 19', 'multiplier': 5.0}]}, {'name': 'IS_LADDER_SHARPE', 'result': 'PENDING'}]}",,,,,,"rank(ts_rank(ts_max_diff(mdl211_nety_deltaprofitability_profitability2,20),63))-rank(inst_pnl(oth455_relation_roam_w2_pca_fact3_cluster_5))+(volume > adv20 ? 2 * rank(-ts_delta(close, 2)) : rank(-ts_delta(close, 2)))",5,0,1.88,1.01,WARNING
RkPQnao,REGULAR,TN31932,"{'instrumentType': 'EQUITY', 'region': 'USA', 'universe': 'TOP3000', 'delay': 1, 'decay': 5, 'neutralization': 'MARKET', 'truncation': 0.08, 'pasteurization': 'ON', 'unitHandling': 'VERIFY', 'nanHandling': 'OFF', 'language': 'FASTEXPR', 'visualization': False}","{'code': '-rank(inst_tvr(vec_sum(fnd14_rtq_td_yf_nvr_cni_twh),126)/mdl77_garpanalystmodel_qgp_vfpriceratio)-rank(sqrt(mdl165_forddl8nuggetv2_62v)/ts_arg_max(oth143_buy_industry_broker_rank2,40))+(volume > adv20 ? 2 * rank(-ts_delta(close, 2)) : rank(-ts_delta(close, 2)))', 'description': None, 'operatorCount': 20}",2023-05-25T00:45:05-04:00,,2023-05-25T04:45:05-04:00,,False,False,,,[],,IS,UNSUBMITTED,"{'pnl': 5813761, 'bookSize': 20000000, 'longCount': 1457, 'shortCount': 1516, 'turnover': 0.4061, 'returns': 0.2233, 'drawdown': 0.0456, 'margin': 0.0011, 'fitness': 1.88, 'sharpe': 2.54, 'checks': [{'name': 'LOW_SHARPE', 'result': 'PASS', 'limit': 1.58, 'value': 2.54}, {'name': 'LOW_FITNESS', 'result': 'PASS', 'limit': 1.0, 'value': 1.88}, {'name': 'LOW_TURNOVER', 'result': 'PASS', 'limit': 0.01, 'value': 0.4061}, {'name': 'HIGH_TURNOVER', 'result': 'PASS', 'limit': 0.7, 'value': 0.4061}, {'name': 'CONCENTRATED_WEIGHT', 'result': 'PASS'}, {'name': 'LOW_SUB_UNIVERSE_SHARPE', 'result': 'PASS', 'limit': 1.1, 'value': 2.9}, {'name': 'SELF_CORRELATION', 'result': 'PENDING'}, {'name': 'PROD_CORRELATION', 'result': 'PENDING'}, {'name': 'REGULAR_SUBMISSION', 'result': 'PENDING'}, {'name': 'MATCHES_THEMES', 'result': 'WARNING', 'matched': [], 'unmatched': [{'id': 'qyQGwDE', 'name': 'Data Field Theme 19', 'multiplier': 5.0}]}, {'name': 'IS_LADDER_SHARPE', 'result': 'PENDING'}]}",,,,,,"-rank(inst_tvr(vec_sum(fnd14_rtq_td_yf_nvr_cni_twh),126)/mdl77_garpanalystmodel_qgp_vfpriceratio)-rank(sqrt(mdl165_forddl8nuggetv2_62v)/ts_arg_max(oth143_buy_industry_broker_rank2,40))+(volume > adv20 ? 2 * rank(-ts_delta(close, 2)) : rank(-ts_delta(close, 2)))",5,0,2.54,1.88,WARNING
